{
	"customTemplates": [
		{
			"name": "blank",
			"postTypes": ["page", "post"],
			"title": "Blank"
		}
	],
	"settings": {
		"border": {
			"color": true,
			"radius": true,
			"style": true,
			"width": true
		},
		"color": {
			"custom": true,
			"customGradient": true,
			"link": true,
			"palette": [
				{
					"color": "#d31000",
					"name": "Primary",
					"slug": "primary"
				},
				{
					"color": "#d31000",
					"name": "Secondary",
					"slug": "secondary"
				},
				{
					"color": "#d31000",
					"name": "Foreground",
					"slug": "foreground"
				},
				{
					"color": "#f4dee2",
					"name": "Background",
					"slug": "background"
				},
				{
					"color": "#fcf0f2",
					"name": "Tertiary",
					"slug": "tertiary"
				}
			]
		},
		"layout": {
			"contentSize": "700px",
			"wideSize": "1000px"
		},
		"spacing": {
			"blockGap": true,
			"margin": true,
			"padding": true,
			"units": ["%", "px", "em", "rem", "vh", "vw"]
		},
		"typography": {
			"customFontSize": true,
			"fluid": true,
			"fontFamilies": [
				{
					"fontFace": [
						{
							"fontFamily": "Newsreader",
							"fontStyle": "normal",
							"fontWeight": "300",
							"src": ["file:./assets/fonts/newsreader_300.ttf"]
						},
						{
							"fontFamily": "Newsreader",
							"fontStyle": "normal",
							"fontWeight": "600",
							"src": ["file:./assets/fonts/newsreader_600.ttf"]
						},
						{
							"fontFamily": "Newsreader",
							"fontStyle": "normal",
							"fontWeight": "400",
							"src": [
								"file:./assets/fonts/newsreader_regular.ttf"
							]
						},
						{
							"fontFamily": "Newsreader",
							"fontStyle": "italic",
							"fontWeight": "400",
							"src": ["file:./assets/fonts/newsreader_italic.ttf"]
						},
						{
							"fontFamily": "Newsreader",
							"fontStyle": "italic",
							"fontWeight": "600",
							"src": [
								"file:./assets/fonts/newsreader_600italic.ttf"
							]
						},
						{
							"fontFamily": "Newsreader",
							"fontStyle": "italic",
							"fontWeight": "300",
							"src": [
								"file:./assets/fonts/newsreader_300italic.ttf"
							]
						}
					],
					"fontFamily": "Newsreader",
					"slug": "newsreader"
				},
				{
					"fontFace": [
						{
							"fontFamily": "Figtree",
							"fontStyle": "normal",
							"fontWeight": "600",
							"src": [
								"file:./assets/fonts/figtree_normal_600.ttf"
							]
						},
						{
							"fontFamily": "Figtree",
							"fontStyle": "normal",
							"fontWeight": "400",
							"src": [
								"file:./assets/fonts/figtree_normal_400.ttf"
							]
						},
						{
							"fontFamily": "Figtree",
							"fontStyle": "italic",
							"fontWeight": "400",
							"src": [
								"file:./assets/fonts/figtree_italic_400.ttf"
							]
						},
						{
							"fontFamily": "Figtree",
							"fontStyle": "italic",
							"fontWeight": "600",
							"src": [
								"file:./assets/fonts/figtree_italic_600.ttf"
							]
						}
					],
					"fontFamily": "Figtree",
					"slug": "figtree"
				},
				{
					"fontFace": [
						{
							"fontFamily": "IBM Plex Mono",
							"fontStyle": "normal",
							"fontWeight": "200",
							"src": [
								"file:./assets/fonts/ibm-plex-mono_normal_200.ttf"
							]
						},
						{
							"fontFamily": "IBM Plex Mono",
							"fontStyle": "italic",
							"fontWeight": "200",
							"src": [
								"file:./assets/fonts/ibm-plex-mono_italic_200.ttf"
							]
						},
						{
							"fontFamily": "IBM Plex Mono",
							"fontStyle": "normal",
							"fontWeight": "300",
							"src": [
								"file:./assets/fonts/ibm-plex-mono_normal_300.ttf"
							]
						},
						{
							"fontFamily": "IBM Plex Mono",
							"fontStyle": "italic",
							"fontWeight": "300",
							"src": [
								"file:./assets/fonts/ibm-plex-mono_italic_300.ttf"
							]
						},
						{
							"fontFamily": "IBM Plex Mono",
							"fontStyle": "normal",
							"fontWeight": "500",
							"src": [
								"file:./assets/fonts/ibm-plex-mono_normal_500.ttf"
							]
						},
						{
							"fontFamily": "IBM Plex Mono",
							"fontStyle": "italic",
							"fontWeight": "500",
							"src": [
								"file:./assets/fonts/ibm-plex-mono_italic_500.ttf"
							]
						},
						{
							"fontFamily": "IBM Plex Mono",
							"fontStyle": "normal",
							"fontWeight": "600",
							"src": [
								"file:./assets/fonts/ibm-plex-mono_normal_600.ttf"
							]
						},
						{
							"fontFamily": "IBM Plex Mono",
							"fontStyle": "italic",
							"fontWeight": "600",
							"src": [
								"file:./assets/fonts/ibm-plex-mono_italic_600.ttf"
							]
						}
					],
					"fontFamily": "IBM Plex Mono",
					"slug": "ibm-plex-mono"
				},
				{
					"fontFace": [
						{
							"fontFamily": "Cormorant Garamond",
							"fontStyle": "normal",
							"fontWeight": "300",
							"src": [
								"file:./assets/fonts/cormorant-garamond_normal_300.ttf"
							]
						},
						{
							"fontFamily": "Cormorant Garamond",
							"fontStyle": "italic",
							"fontWeight": "300",
							"src": [
								"file:./assets/fonts/cormorant-garamond_italic_300.ttf"
							]
						}
					],
					"fontFamily": "Cormorant Garamond",
					"slug": "cormorant-garamond"
				},
				{
					"fontFace": [
						{
							"fontFamily": "Plus Jakarta Sans",
							"fontStyle": "normal",
							"fontWeight": "400",
							"src": [
								"file:./assets/fonts/plus-jakarta-sans_normal_400.ttf"
							]
						},
						{
							"fontFamily": "Plus Jakarta Sans",
							"fontStyle": "italic",
							"fontWeight": "400",
							"src": [
								"file:./assets/fonts/plus-jakarta-sans_italic_400.ttf"
							]
						},
						{
							"fontFamily": "Plus Jakarta Sans",
							"fontStyle": "italic",
							"fontWeight": "600",
							"src": [
								"file:./assets/fonts/plus-jakarta-sans_italic_600.ttf"
							]
						},
						{
							"fontFamily": "Plus Jakarta Sans",
							"fontStyle": "normal",
							"fontWeight": "600",
							"src": [
								"file:./assets/fonts/plus-jakarta-sans_normal_600.ttf"
							]
						}
					],
					"fontFamily": "Plus Jakarta Sans",
					"slug": "plus-jakarta-sans"
				},
				{
					"fontFace": [
						{
							"fontFamily": "Outward",
							"fontStyle": "normal",
							"fontWeight": "400",
							"fontDisplay": "block",
							"src": [
								"file:./assets/fonts/outward_normal_400.ttf"
							]
						},
						{
							"fontFamily": "Outward",
							"fontStyle": "italic",
							"fontWeight": "400",
							"fontDisplay": "block",
							"src": [
								"file:./assets/fonts/outward_italic_400.ttf"
							]
						}
					],
					"fontFamily": "Outward",
					"slug": "outward"
				}
			],
			"fontSizes": [
				{
					"fluid": {
						"max": "1.0625rem",
						"min": "0.825rem"
					},
					"name": "Small",
					"size": "1rem",
					"slug": "small"
				},
				{
					"fluid": {
						"max": "1.25rem",
						"min": "1rem"
					},
					"name": "Medium",
					"size": "1.125rem",
					"slug": "medium"
				},
				{
					"fluid": {
						"max": "2rem",
						"min": "1.75rem"
					},
					"name": "Large",
					"size": "1.75rem",
					"slug": "large"
				},
				{
					"fluid": {
						"max": "3rem",
						"min": "2.5rem"
					},
					"name": "Extra Large",
					"size": "3rem",
					"slug": "x-large"
				}
			],
			"lineHeight": true
		},
		"useRootPaddingAwareAlignments": true
	},
	"styles": {
		"blocks": {
			"core/audio": {
				"spacing": {
					"padding": {
						"bottom": "0",
						"left": "0",
						"right": "0",
						"top": "0"
					}
				}
			},
			"core/button": {
				"border": {
					"radius": "4px"
				},
				"color": {
					"background": "var:preset|color|primary",
					"text": "var:preset|color|background"
				},
				"shadow": "var:preset|shadow|natural",
				"spacing": {
					"padding": {
						"bottom": "var:preset|spacing|40",
						"left": "var:preset|spacing|40",
						"right": "var:preset|spacing|40",
						"top": "var:preset|spacing|40"
					}
				},
				"typography": {
					"fontSize": "1rem",
					"fontStyle": "normal",
					"fontWeight": "400",
					"textTransform": "none"
				}
			},
			"core/categories": {
				"typography": {
					"fontStyle": "italic",
					"fontWeight": "300"
				}
			},
			"core/code": {
				"border": {
					"color": "var(--wp--preset--color--foreground)",
					"radius": "0.25rem",
					"style": "solid",
					"width": "2px"
				},
				"spacing": {
					"padding": {
						"bottom": "var(--wp--preset--spacing--50)",
						"left": "var(--wp--preset--spacing--50)",
						"right": "var(--wp--preset--spacing--50)",
						"top": "var(--wp--preset--spacing--50)"
					}
				},
				"typography": {
					"fontFamily": "monospace"
				}
			},
			"core/comment-author-name": {
				"typography": {
					"fontSize": "var(--wp--preset--font-size--small)"
				}
			},
			"core/comment-date": {
				"typography": {
					"fontSize": "var(--wp--preset--font-size--small)"
				}
			},
			"core/comment-edit-link": {
				"typography": {
					"fontSize": "var(--wp--preset--font-size--small)"
				}
			},
			"core/comment-reply-link": {
				"typography": {
					"fontSize": "var(--wp--preset--font-size--small)"
				}
			},
			"core/comments": {
				"spacing": {
					"margin": {
						"bottom": "0",
						"left": "0",
						"right": "0",
						"top": "0"
					}
				}
			},
			"core/gallery": {
				"spacing": {
					"margin": {
						"bottom": "var(--wp--preset--spacing--50)"
					}
				}
			},
			"core/heading": {
				"typography": {
					"fontFamily": "var:preset|font-family|ibm-plex-mono",
					"fontStyle": "normal",
					"fontWeight": "400"
				}
			},
			"core/list": {
				"spacing": {
					"padding": {
						"left": "var(--wp--preset--spacing--70)"
					}
				}
			},
			"core/navigation": {
				"elements": {
					"link": {
						":hover": {
							"typography": {
								"textDecoration": "underline"
							}
						},
						"typography": {
							"textDecoration": "none"
						}
					}
				}
			},
			"core/paragraph": {
				"typography": {
					"fontSize": "1rem"
				}
			},
			"core/post-author-name": {
				"elements": {
					"link": {
						":hover": {
							"typography": {
								"textDecoration": "underline"
							}
						},
						"typography": {
							"textDecoration": "none"
						}
					}
				}
			},
			"core/post-date": {
				"color": {
					"text": "var(--wp--preset--color--foreground)"
				},
				"elements": {
					"link": {
						":hover": {
							"typography": {
								"textDecoration": "underline"
							}
						},
						"typography": {
							"textDecoration": "none"
						}
					}
				},
				"typography": {
					"fontSize": "var(--wp--preset--font-size--small)"
				}
			},
			"core/post-terms": {
				"css": ".wp-block-post-terms \n\na {\n    text-decoration-thickness: 0.02em !important;\n    text-underline-offset: .20em;\n}",
				"typography": {
					"fontSize": "1rem",
					"fontStyle": "normal",
					"fontWeight": "400"
				}
			},
			"core/post-title": {
				"elements": {
					"link": {
						":hover": {
							"typography": {
								"textDecoration": "underline"
							}
						},
						"typography": {
							"textDecoration": "none"
						}
					}
				},
				"spacing": {
					"margin": {
						"bottom": "0"
					}
				},
				"typography": {
					"fontSize": "1rem",
					"fontStyle": "normal",
					"fontWeight": "600"
				}
			},
			"core/pullquote": {
				"border": {
					"bottom": {
						"color": "var(--wp--preset--color--foreground)",
						"style": "solid",
						"width": "1px"
					},
					"color": "var(--wp--preset--color--foreground)",
					"left": {
						"style": "none",
						"width": "0px"
					},
					"radius": "0px",
					"right": {
						"style": "none",
						"width": "0px"
					},
					"style": "solid",
					"top": {
						"color": "var(--wp--preset--color--foreground)",
						"style": "solid",
						"width": "1px"
					},
					"width": "1px 0"
				},
				"spacing": {
					"padding": {
						"bottom": "var(--wp--preset--spacing--50)",
						"left": "var(--wp--preset--spacing--50)",
						"right": "var(--wp--preset--spacing--50)",
						"top": "var(--wp--preset--spacing--50)"
					}
				},
				"typography": {
					"fontSize": "var:preset|font-size|small",
					"fontStyle": "normal",
					"fontWeight": "400",
					"textTransform": "none"
				}
			},
			"core/query-title": {
				"typography": {
					"fontSize": "var:preset|font-size|small"
				}
			},
			"core/quote": {
				"border": {
					"color": "var(--wp--preset--color--primary)",
					"style": "solid",
					"width": "0 0 0 1px"
				},
				"spacing": {
					"padding": {
						"left": "var(--wp--preset--spacing--50)"
					}
				},
				"typography": {
					"fontStyle": "normal"
				}
			},
			"core/search": {
				"typography": {
					"fontSize": "var(--wp--preset--font-size--medium)",
					"lineHeight": "1.6"
				}
			},
			"core/separator": {
				"border": {
					"color": "currentColor",
					"style": "solid",
					"width": "0 0 1px 0"
				},
				"color": {
					"text": "var(--wp--preset--color--foreground)"
				}
			},
			"core/site-tagline": {
				"typography": {
					"fontSize": "var(--wp--preset--font-size--small)"
				}
			},
			"core/site-title": {
				"elements": {
					"link": {
						":hover": {
							"typography": {
								"textDecoration": "underline"
							}
						},
						"typography": {
							"textDecoration": "none"
						}
					}
				},
				"typography": {
					"fontFamily": "var:preset|font-family|ibm-plex-mono",
					"fontSize": "6rem",
					"fontStyle": "italic",
					"fontWeight": "300",
					"letterSpacing": "0px",
					"lineHeight": 0.9,
					"textTransform": "lowercase"
				}
			},
			"core/term-description": {
				"typography": {
					"fontStyle": "italic",
					"fontWeight": "300"
				}
			}
		},
		"color": {
			"background": "var:preset|color|background",
			"text": "var(--wp--preset--color--foreground)"
		},
		"css": ".wp-block-site-title a {\n    text-decoration-thickness: .003em !important;\n    text-underline-offset: 0.08em;\n}",
		"elements": {
			"button": {
				":active": {
					"color": {
						"background": "var(--wp--preset--color--primary)",
						"text": "var(--wp--preset--color--background)"
					}
				},
				":focus": {
					"color": {
						"background": "var(--wp--preset--color--primary)",
						"text": "var(--wp--preset--color--background)"
					}
				},
				":hover": {
					"color": {
						"background": "var(--wp--preset--color--secondary)",
						"text": "var(--wp--preset--color--background)"
					}
				},
				"border": {
					"radius": "0.25rem"
				},
				"color": {
					"background": "var:preset|color|background",
					"text": "var:preset|color|primary"
				}
			},
			"h1": {
				"typography": {
					"fontSize": "var(--wp--preset--font-size--x-large)"
				}
			},
			"h2": {
				"typography": {
					"fontSize": "var(--wp--preset--font-size--large)"
				}
			},
			"h3": {
				"typography": {
					"fontSize": "clamp(1.5rem, calc(1.5rem + ((1vw - 0.48rem) * 0.4808)), 1.75rem)"
				}
			},
			"h4": {
				"typography": {
					"fontSize": "clamp(1.25rem, calc(1.25rem + ((1vw - 0.48rem) * 0.4808)), 1.5rem)"
				}
			},
			"h5": {
				"typography": {
					"fontSize": "var(--wp--preset--font-size--medium)"
				}
			},
			"h6": {
				"typography": {
					"fontSize": "var(--wp--preset--font-size--small)"
				}
			},
			"heading": {
				"color": {
					"text": "#d31000"
				},
				"typography": {
					"fontFamily": "var(--wp--preset--font-family--rubik)",
					"fontWeight": "400",
					"lineHeight": "1.125"
				}
			},
			"link": {
				":hover": {
					"color": {
						"text": "var:preset|color|primary"
					},
					"typography": {
						"textDecoration": "none"
					}
				},
				"color": {
					"text": "var:preset|color|secondary"
				}
			}
		},
		"spacing": {
			"blockGap": "var:preset|spacing|30",
			"padding": {
				"bottom": "0px",
				"left": "0px",
				"right": "0px",
				"top": "0px"
			}
		},
		"typography": {
			"fontFamily": "var:preset|font-family|ibm-plex-mono",
			"fontSize": "1rem",
			"fontStyle": "normal",
			"fontWeight": "400",
			"lineHeight": 1.6
		}
	},
	"templateParts": [
		{
			"area": "header",
			"name": "header"
		},
		{
			"area": "footer",
			"name": "footer"
		}
	],
	"version": 2,
	"$schema": "https://schemas.wp.org/trunk/theme.json"
}
